brand,first_brand_count,prominence_rate
Sony,98,0.6282051282051282
Beats,14,0.08974358974358974
Soundcore,17,0.10897435897435898
Bose,4,0.02564102564102564
Sennheiser,14,0.08974358974358974
