brand,recommendation_count,recommendation_share,recommendation_rate
Sony,41,0.7192982456140351,0.26282051282051283
Beats,6,0.10526315789473684,0.038461538461538464
Soundcore,4,0.07017543859649122,0.02564102564102564
Sennheiser,6,0.10526315789473684,0.038461538461538464
