brand,total_responses,responses_with_brand,visibility_rate
Sony,113,103,0.911504424778761
Beats,113,54,0.4778761061946903
Soundcore,113,41,0.36283185840707965
Bose,113,63,0.5575221238938053
Sennheiser,113,57,0.504424778761062
