llm,sentiment_sony,sentiment_beats,sentiment_soundcore
chatgpt,0.9170182692307692,0.38290576923076924,0.4210634615384615
claude,0.8492961538461539,0.46126538461538463,0.32675
gemini,0.9329068910256411,0.3026099358974359,0.4774320512820513
